{
  "profiler": [
    {
      "Section Name": "QuickSort Test - Original",
      "Count": 100,
      "Total Time": 1.70859,
      "Min Time": 0.0147629,
      "Max Time": 0.0241013,
      "Avg Time": 0.0170859,
      "Filename": "./Code/main.cpp",
      "Function Name": "Test4_Original",
      "Line Number": 151,
      "Timeline": [0.0169604, 0.0323563, 0.048205, 0.063569, 0.0798723, 0.0956765, 0.111765, 0.127587, 0.144451, 0.163401, 0.179555, 0.196864, 0.21433, 0.231212, 0.246919, 0.261735, 0.277529, 0.292386, 0.307734, 0.323942, 0.34101, 0.357441, 0.37429, 0.391729, 0.408398, 0.426165, 0.444382, 0.460906, 0.479272, 0.500439, 0.519669, 0.538639, 0.561672, 0.582696, 0.60462, 0.628722, 0.649111, 0.665952, 0.683229, 0.700948, 0.717972, 0.736623, 0.753235, 0.771662, 0.79108, 0.812004, 0.82962, 0.846919, 0.864167, 0.881452, 0.898016, 0.914737, 0.931117, 0.947912, 0.96358, 0.980192, 0.99696, 1.01307, 1.03058, 1.04892, 1.06606, 1.08296, 1.09974, 1.11717, 1.13427, 1.15103, 1.16945, 1.18728, 1.20381, 1.22103, 1.23735, 1.2541, 1.27088, 1.2873, 1.30357, 1.31974, 1.33556, 1.35256, 1.36808, 1.38408, 1.40089, 1.41663, 1.43312, 1.44897, 1.46426, 1.48057, 1.49792, 1.51459, 1.53699, 1.55325, 1.569, 1.58529, 1.60068, 1.61644, 1.63182, 1.64658, 1.66189, 1.67737, 1.69307, 1.70859]
    },
    {
      "Section Name": "Data Generation - Original",
      "Count": 100,
      "Total Time": 0.136824,
      "Min Time": 0.0010467,
      "Max Time": 0.0022091,
      "Avg Time": 0.00136824,
      "Filename": "./Code/main.cpp",
      "Function Name": "Test4_Original",
      "Line Number": 145,
      "Timeline": [0.0013964, 0.0026467, 0.0038569, 0.005212, 0.0065016, 0.0077904, 0.009072, 0.0103502, 0.0119336, 0.01363, 0.0150043, 0.0161229, 0.0177024, 0.0190776, 0.0206829, 0.0219768, 0.0233876, 0.0248898, 0.0263609, 0.0276311, 0.0292636, 0.0309498, 0.0321936, 0.0334607, 0.0349584, 0.0365818, 0.0384179, 0.0397071, 0.0410541, 0.0424938, 0.0440962, 0.0454286, 0.0471821, 0.0493912, 0.0511943, 0.0531676, 0.0548366, 0.0561558, 0.0574433, 0.0586334, 0.0601453, 0.0614334, 0.062679, 0.0639753, 0.0654627, 0.0670912, 0.0685791, 0.0698118, 0.0710825, 0.0725554, 0.0737073, 0.0748925, 0.0761587, 0.0773524, 0.0785584, 0.0798034, 0.0810235, 0.0824045, 0.0837043, 0.0851663, 0.0864842, 0.0876889, 0.0890035, 0.0902575, 0.0914808, 0.0927513, 0.0945587, 0.0959507, 0.0971639, 0.0984174, 0.0997097, 0.101091, 0.102396, 0.103648, 0.104959, 0.106121, 0.107479, 0.108699, 0.110168, 0.111705, 0.113537, 0.11498, 0.116337, 0.117545, 0.118765, 0.120019, 0.121327, 0.122675, 0.124048, 0.125254, 0.126422, 0.12757, 0.128685, 0.129868, 0.131043, 0.13209, 0.133186, 0.134423, 0.135638, 0.136824]
    },
    {
      "Section Name": "QuickSort Execution - Original",
      "Count": 100,
      "Total Time": 1.55148,
      "Min Time": 0.0130898,
      "Max Time": 0.021939,
      "Avg Time": 0.0155148,
      "Filename": "./Code/main.cpp",
      "Function Name": "Test4_Original",
      "Line Number": 149,
      "Timeline": [0.0152699, 0.0292541, 0.0436816, 0.0574649, 0.0723084, 0.0866669, 0.101237, 0.115629, 0.130603, 0.14769, 0.162304, 0.178281, 0.193919, 0.209272, 0.22323, 0.236594, 0.250769, 0.263858, 0.277491, 0.29228, 0.307453, 0.321886, 0.337322, 0.35336, 0.368282, 0.38427, 0.400395, 0.415421, 0.432195, 0.451793, 0.469258, 0.486757, 0.507839, 0.526387, 0.546277, 0.568215, 0.586728, 0.602107, 0.617865, 0.634211, 0.649426, 0.666571, 0.68167, 0.698648, 0.716388, 0.735532, 0.751463, 0.76724, 0.782945, 0.798458, 0.813745, 0.829108, 0.843982, 0.859445, 0.873659, 0.888804, 0.904187, 0.918696, 0.934636, 0.95122, 0.966802, 0.982374, 0.997585, 1.01362, 1.02929, 1.04464, 1.06107, 1.07728, 1.09231, 1.10813, 1.12303, 1.13813, 1.15338, 1.16839, 1.18307, 1.19785, 1.21207, 1.22766, 1.24148, 1.25576, 1.27061, 1.28463, 1.29962, 1.31406, 1.32792, 1.34277, 1.35867, 1.37381, 1.39456, 1.40943, 1.42387, 1.43881, 1.45294, 1.46737, 1.48143, 1.49493, 1.509, 1.52303, 1.53731, 1.55148]
    },
    {
      "Section Name": "QuickSort Test - Optimization 1",
      "Count": 100,
      "Total Time": 1.72332,
      "Min Time": 0.0163131,
      "Max Time": 0.0188778,
      "Avg Time": 0.0172332,
      "Filename": "./Code/main.cpp",
      "Function Name": "Test4_Optimization1",
      "Line Number": 169,
      "Timeline": [0.0179454, 0.0357072, 0.0531725, 0.0707182, 0.0885678, 0.10621, 0.123331, 0.140237, 0.157161, 0.173902, 0.191027, 0.2087, 0.22598, 0.242904, 0.260072, 0.277342, 0.294522, 0.311592, 0.329199, 0.347666, 0.364781, 0.381993, 0.399591, 0.418469, 0.436669, 0.453856, 0.470953, 0.487317, 0.504714, 0.521887, 0.540257, 0.556658, 0.573191, 0.589836, 0.606695, 0.624277, 0.641799, 0.658112, 0.675329, 0.692424, 0.709716, 0.726932, 0.744411, 0.761493, 0.778519, 0.795635, 0.813282, 0.829935, 0.847915, 0.866465, 0.883683, 0.901599, 0.919213, 0.936556, 0.953561, 0.970905, 0.988088, 1.00569, 1.02295, 1.04085, 1.05896, 1.07611, 1.09464, 1.11242, 1.12907, 1.14627, 1.1628, 1.17962, 1.19612, 1.21314, 1.22974, 1.24743, 1.26388, 1.28067, 1.29839, 1.31543, 1.33359, 1.35054, 1.36795, 1.38505, 1.40179, 1.41872, 1.43615, 1.45361, 1.47047, 1.48762, 1.50447, 1.52189, 1.53876, 1.55529, 1.57196, 1.58921, 1.60595, 1.62296, 1.64011, 1.65675, 1.67323, 1.69018, 1.70671, 1.72332]
    },
    {
      "Section Name": "Data Generation - Optimization 1",
      "Count": 100,
      "Total Time": 0.128106,
      "Min Time": 0.0010951,
      "Max Time": 0.0017994,
      "Avg Time": 0.00128106,
      "Filename": "./Code/main.cpp",
      "Function Name": "Test4_Optimization1",
      "Line Number": 162,
      "Timeline": [0.0013418, 0.0028863, 0.0040808, 0.0053834, 0.006576, 0.0078055, 0.0089695, 0.0101799, 0.0114162, 0.0127299, 0.0142698, 0.0154988, 0.0168055, 0.0180088, 0.019152, 0.0203117, 0.021735, 0.0233456, 0.0247155, 0.0260813, 0.0272885, 0.028599, 0.029771, 0.0312739, 0.0326038, 0.0337892, 0.0349743, 0.0361356, 0.0372951, 0.0384891, 0.039826, 0.0411014, 0.0422686, 0.0436073, 0.0447313, 0.0462441, 0.0477469, 0.0489423, 0.0501704, 0.0513111, 0.0524784, 0.0541117, 0.0556037, 0.0569097, 0.0583674, 0.0597039, 0.0610784, 0.0622209, 0.063316, 0.064759, 0.0660675, 0.0672326, 0.0685771, 0.0697149, 0.0709292, 0.072096, 0.0732899, 0.0744994, 0.0758037, 0.0770087, 0.0783176, 0.0796919, 0.0812515, 0.0824628, 0.0836613, 0.084912, 0.0861269, 0.0872779, 0.0884673, 0.0899335, 0.0911504, 0.0924075, 0.0936436, 0.0949548, 0.0961894, 0.0973437, 0.0985628, 0.0997134, 0.100877, 0.102295, 0.103547, 0.104744, 0.106031, 0.107279, 0.108467, 0.109637, 0.110938, 0.112181, 0.113606, 0.114791, 0.116057, 0.117207, 0.118437, 0.119606, 0.120916, 0.122282, 0.123583, 0.124986, 0.126786, 0.128106]
    },
    {
      "Section Name": "std::sort Execution - Optimization 1",
      "Count": 100,
      "Total Time": 1.57368,
      "Min Time": 0.0145272,
      "Max Time": 0.0171976,
      "Avg Time": 0.0157368,
      "Filename": "./Code/main.cpp",
      "Function Name": "Test4_Optimization1",
      "Line Number": 167,